cylinder_number,species,names,ksens,mq
CC524064,C2H5O,Acetaldehyde,2.97e-9,45
CC524064,CH5O,Methanol,2.31e-9,33
CC524064,CH5S,Methanethiol,2.21e-9,49
CC524064,C2H7O,Ethanol,2.37e-9,47
CC524064,C2H4N,Acetonitrile,4.03e-9,42
CC524064,C3H7O,Acetone,3.24e-9,59
CC524064,C3H4N,Acrylonitrile,4.17e-9,54
CC524064,C5H9,Isoprene,1.93e-9,69
CC524064,C2H7S,DMS,2.26e-9,63
CC524064,C4H7O,MVK,3.51e-9,71
CC524064,C4H9O,MEK,3.23e-9,73
CC524064,C6H7,Benzene,1.93e-9,79
CC524064,C7H9,Toluene,2.07e-9,93
CC524064,C6H19O3Si3,D3,3.20e-9,223
CC524064,C8H11,Xylene,2.21e-9,107
CC524064,C10H17,Monoterpenes,2.48e-9,137
CC524064,C9H13,TMB,2.42e-9,121
CC524064,C10H23,Decane,2.50e-9,143
CC524064,C10H31O5Si5,D5,3.50e-9,371
CC515288,C2H5O,Acetaldehyde,2.97e-9,45
CC515288,CH5O,Methanol,2.31e-9,33
CC515288,C2H7O,Ethanol,2.37e-9,47
CC515288,C3H7O,Acetone,3.24e-9,59
CC515288,C3H4N,Acrylonitrile,4.17e-9,54
CC515288,C5H9,Isoprene,1.93e-9,69
CC515288,C4H7O,MVK,3.51e-9,71
CC515288,C4H9O,MEK,3.23e-9,73
CC515288,C7H9,Toluene,2.07e-9,93
CC515288,C8H11,Xylene,2.21e-9,107
CC515288,C10H17,Monoterpenes,2.48e-9,137
CC515288,C9H13,TMB,2.42e-9,121
CC515288,C10H23,Decane,2.50e-9,143
CC515288,C10H31O5Si5,D5,3.50e-9,371
CC515288,C6H15,Triethylamine,3.00e-9,102
